/*
 Navicat Premium Data Transfer

 Source Server         : postgresql
 Source Server Type    : PostgreSQL
 Source Server Version : 160003 (160003)
 Source Host           : localhost:5432
 Source Catalog        : perpus
 Source Schema         : public

 Target Server Type    : PostgreSQL
 Target Server Version : 160003 (160003)
 File Encoding         : 65001

 Date: 23/06/2024 23:38:56
*/


-- ----------------------------
-- Sequence structure for books_id_seq
-- ----------------------------
DROP SEQUENCE IF EXISTS "public"."books_id_seq";
CREATE SEQUENCE "public"."books_id_seq" 
INCREMENT 1
MINVALUE  1
MAXVALUE 2147483647
START 1
CACHE 1;

-- ----------------------------
-- Sequence structure for detail_transaction_id_seq
-- ----------------------------
DROP SEQUENCE IF EXISTS "public"."detail_transaction_id_seq";
CREATE SEQUENCE "public"."detail_transaction_id_seq" 
INCREMENT 1
MINVALUE  1
MAXVALUE 2147483647
START 1
CACHE 1;

-- ----------------------------
-- Sequence structure for inventory_id_seq
-- ----------------------------
DROP SEQUENCE IF EXISTS "public"."inventory_id_seq";
CREATE SEQUENCE "public"."inventory_id_seq" 
INCREMENT 1
MINVALUE  1
MAXVALUE 2147483647
START 1
CACHE 1;

-- ----------------------------
-- Sequence structure for roles_id_seq
-- ----------------------------
DROP SEQUENCE IF EXISTS "public"."roles_id_seq";
CREATE SEQUENCE "public"."roles_id_seq" 
INCREMENT 1
MINVALUE  1
MAXVALUE 2147483647
START 1
CACHE 1;

-- ----------------------------
-- Sequence structure for student_id_seq
-- ----------------------------
DROP SEQUENCE IF EXISTS "public"."student_id_seq";
CREATE SEQUENCE "public"."student_id_seq" 
INCREMENT 1
MINVALUE  1
MAXVALUE 2147483647
START 1
CACHE 1;

-- ----------------------------
-- Sequence structure for transaction_id_seq
-- ----------------------------
DROP SEQUENCE IF EXISTS "public"."transaction_id_seq";
CREATE SEQUENCE "public"."transaction_id_seq" 
INCREMENT 1
MINVALUE  1
MAXVALUE 2147483647
START 1
CACHE 1;

-- ----------------------------
-- Table structure for books
-- ----------------------------
DROP TABLE IF EXISTS "public"."books";
CREATE TABLE "public"."books" (
  "id" int4 NOT NULL GENERATED BY DEFAULT AS IDENTITY (
INCREMENT 1
MINVALUE  1
MAXVALUE 2147483647
START 1
CACHE 1
),
  "title" varchar(255) COLLATE "pg_catalog"."default" NOT NULL,
  "creator" varchar(255) COLLATE "pg_catalog"."default",
  "publisher" varchar(255) COLLATE "pg_catalog"."default",
  "publication_year" int4,
  "cover_image" varchar(225) COLLATE "pg_catalog"."default",
  "description" text COLLATE "pg_catalog"."default",
  "created_at" timestamp(6) NOT NULL DEFAULT CURRENT_TIMESTAMP,
  "updated_at" timestamp(6) NOT NULL DEFAULT CURRENT_TIMESTAMP
)
;

-- ----------------------------
-- Records of books
-- ----------------------------
INSERT INTO "public"."books" VALUES (1, 'The autobiography of Mark Twain', 'Mark Twain2', 'Gramedia', 2023, 'http://localhost:3001/storage/files/2024/06/23/the_autobiography_of_mark_twain.jpeg', 'Novel karya J. S Khairen yang berjudul Melangkah bertemakan tentang petualangan di Indonesia. Tidak hanya itu, cerita dalam novel ini juga mengutamakan kisah pahlawan. Berbeda dari karya-karya yang sebelumnya, di novel ini Khairen memberi sedikit imajinasi yang ia tanamkan. Terdapat 36 episode dan 5 babak.', '2024-06-21 21:50:39.370523', '2024-06-21 21:50:39.370523');
INSERT INTO "public"."books" VALUES (4, 'Jujutsu Kaisen 05', 'Bayu', 'Erlangga', 2021, 'http://localhost:3001/storage/files/2024/06/23/jujutsu_kaisen_05.jpeg', 'Program pertukaran dengan Akademi Jujutsu Kyoto dimulai. Pihak yang duluan menyingkirkan jurei tingkat 2 di area pertandinganlah yang akan jadi pemenangnya. Todo yang gemar berkelahi segera menyerang pihak Tokyo! Saat Todo dan Itadori saling berhadapan, anak-anak Kyoto yang lain ikut mengepung Itadori dengan niat untuk membunuhnya.

Sinopsis Buku

Semua orang terkejut ketika mereka mengetahui Itadori masih hidup, tetapi tidak ada waktu untuk reuni yang mengharukan ketika Jujutsu High berada di tengah-tengah persaingan ketat dengan saingan mereka dari Kyoto! Tapi sportifitas yang baik tampaknya tidak ada dalam kartu begitu pihak berwenang memutuskan untuk menghilangkan ancaman Sukuna sekali dan untuk selamanya.

Dalam pergantian peristiwa yang tidak terduga, Aoi sangat menyukai Yuji. Yakin bahwa mereka adalah sahabat, Aoi bahkan melontarkan rencana timnya sendiri untuk membunuh Yuji. Sementara itu, Megumi dan yang lainnya mulai mengejar rival Kyoto mereka untuk melindungi Yuji juga.

Tim Tokyo dapat mengetahui skema Tim Kyoto. Megumi dan Maki kembali untuk melindungi Yuji, menghadapi saingan mereka karena mencoba membunuhnya. Sementara itu, Aoi menyadari potensi Yuji, dan memutuskan untuk membantu membawanya ke level berikutnya.

Saat duel Yuji dengan Aoi, Todo mencapai klimaksnya, dia belajar apa artinya mencapai potensinya. Dengan keahlian membimbing Aoi, Yuji mulai tumbuh menuju tingkat kekuatan baru. Sementara itu, Mechamaru mendukung Momo dalam konfrontasinya dengan Nobara dan Panda.', '2024-06-23 02:40:29.456678', '2024-06-23 02:40:29.456678');
INSERT INTO "public"."books" VALUES (5, 'Keep Up with Us!', 'G. Dani', 'Erlangga', 2023, 'http://localhost:3001/storage/files/2024/06/23/keep_up_with_us!.jpeg', 'Keep Up with Us! merupakan fiksi sastra jenis novel karya G. Dani. Dengan gaya bercerita yang kekinian dan konflik yang sangat dekat dengan pembaca, Keep Up with Us menjadi pemenang di Wattys di ajang Wattys 2020 kategori New Adult.

Sinopsis:

Menjadi anak tengah itu tandanya harus mau mengalah seumur hidup. Entah mengalah sama si Bungsu, atau bersabar kalau dibanding-bandingkan sama si Sulung yang superior. Namun, apa iya harus mengalah juga soal jodoh? Acara buka puasa bersama di rumah mendadak canggung, saat si Tengah mengenalkan sang pacar pada keluarganya.

Gilang si Tengah, kesal saat mengetahui bahwa Gita ternyata sudah kenal duluan dengan si Sulung, Gara. Yang bikin gawat, orangtua Gita sangat berharap agar Gara menjadi menantu mereka. Nggak heran juga, karena si Tengah sadar kalau si Sulung akan selalu dianggap lebih baik dari dirinya. Ironisnya, sejak malam itu pula, Gara justru lebih terbuka pada Gita dibanding keluarganya sendiri.

Dan sekarang, satu-satunya orang yang tahu rahasia Gara adalah Gita. Apakah hubungan si Tengah dan gadisnya akan baik-baik saja? Kapan si Tengah akan berhenti merasa rendah diri? Mungkinkah si Sulung akan menyimpan rahasia dari keluarganya selamanya? Gimana, bikin penasaran kan? Yuk, ikuti alur ceritanya hingga selesai. Kalian bisa temukan novel ini di toko buku terdekat atau pesan via online di www.gramedia.com , ya!', '2024-06-23 11:46:54.171048', '2024-06-23 11:46:54.171048');
INSERT INTO "public"."books" VALUES (7, 'English Classics: Romeo and Juliet', 'William Shakespeare', 'Erlangga', 2022, 'http://localhost:3001/storage/files/2024/06/23/english_classics_romeo_and_juliet.jpeg', 'Romeo and Juliet is a tragedy written by William Shakespeare about the romance between two Italian youths from feuding families. It was among Shakespeare''s most popular plays during his lifetime and, along with Hamlet, is one of his most frequently performed plays. Today, the title characters are regarded as archetypal young lovers.

Romeo and Juliet belongs to a tradition of tragic romances stretching back to antiquity. The plot is based on an Italian tale written by Matteo Bandello and translated into verse as The Tragical History of Romeus and Juliet by Arthur Brooke in 1562 and retold in prose in Palace of Pleasure by William Painter in 1567. Shakespeare borrowed heavily from both but expanded the plot by developing a number of supporting characters, particularly Mercutio and Paris.

SInopsis Buku:
“What’s in a name? at which we call a rose By any other name would smell as sweet.”

Romeo and Juliet adalah sebuah tragedi yang ditulis oleh William Shakespeare tentang romansa antara dua pemuda Italia dari keluarga yang bertikai. Itu adalah salah satu drama paling populer Shakespeare selama masa hidupnya dan, bersama dengan Hamlet, adalah salah satu drama yang paling sering dipentaskannya. Saat ini, karakter utama dianggap sebagai kekasih muda tipikal.

Romeo dan Juliet termasuk dalam tradisi romansa tragis yang dimulai sejak zaman kuno. Plotnya didasarkan pada kisah Italia yang ditulis oleh Matteo Bandello dan diterjemahkan ke dalam syair sebagai The Tragical History of Romeus and Juliet oleh Arthur Brooke pada tahun 1562 dan diceritakan kembali dalam bentuk prosa di Palace of Pleasure oleh William Painter pada tahun 1567. Shakespeare banyak meminjam dari keduanya tetapi diperluas plot dengan mengembangkan sejumlah karakter pendukung, khususnya Mercutio dan Paris.', '2024-06-23 11:50:01.084667', '2024-06-23 11:50:01.084667');
INSERT INTO "public"."books" VALUES (8, 'Beware Worn Down By Time', 'ADDIN JAUHARUDIN', 'Erlangga', 2023, 'http://localhost:3001/storage/files/2024/06/23/beware_worn_down_by_time.jpeg', 'In carrying out his mandate as the President of the Republic of Indonesia, Joko «Jokowi» Widodo has faced various challenges that have hit this country, such as polarization due to general elections, declining economic growth, to a declining level of public trust in the government. One by one, various problems were resolved, especially in order to welcome Indonesia as a developed and prosperous country, namely by building infrastructure, nationalizing important state assets, downstreaming industry, digital transformation, managing demographic bonuses, promoting culture, and so on. This is expected to be able to lay an important foundation in order to reach Indonesia according to the mandate of the 1945 Constitution and Pancasila.

This book was compiled based on a collection of speeches, remarks, messages and dialogues by President Jokowi delivered at official and state events, both at home and abroad, during the 2014–2023 period. As a reference for stakeholders to follow up on government policies, these various state events are embodied in records complete with data and facts regarding implementation and results that have been achieved. According to President Jokowi›s introduction in this book:

“This book is not solely about me. This book is about us. About all of us who live and grow in our beloved Motherland. This book describes a nation that is shoulder to shoulder to catch up, and continues to run towards its goals. Work hard to create a developed and prosperous country, by working together to face various challenges.“', '2024-06-23 12:57:57.821702', '2024-06-23 12:57:57.821702');
INSERT INTO "public"."books" VALUES (6, 'English Classics: Macbeth', 'William Shakespeare', 'Erlangga', 2021, 'http://localhost:3001/storage/files/2024/06/23/english_classics_macbeth.jpeg', 'Macbeth is a tragedy by William Shakespeare. It is thought to have been first performed in 1606. It dramatises the damaging physical and psychological effects of political ambition on those who seek power. Of all the plays that Shakespeare wrote during the reign of James I, Macbeth most clearly reflects his relationship with King James, patron of Shakespeare''s acting company. It was first published in the Folio of 1623, possibly from a prompt book, and is Shakespeare''s shortest tragedy.

A brave Scottish general named Macbeth receives a prophecy from a trio of witches that one day he will become King of Scotland. Consumed by ambition and spurred to action by his wife, Macbeth murders King Duncan and takes the Scottish throne for himself. He is then wracked with guilt and paranoia. Forced to commit more and more murders to protect himself from enmity and suspicion, he soon becomes a tyrannical ruler. The bloodbath and consequent civil war swiftly take Macbeth and Lady Macbeth into the realms of madness and death.

Sinopsis Buku:
“Will all great Neptune’s ocean wash this blood Clean from my hand? No, this my hand will rather e multitudinous seas incarnadine, Making the green one red.”

Macbeth adalah tragedi oleh William Shakespeare. Ini diperkirakan pertama kali dilakukan pada 1606. Ini mendramatisir efek fisik dan psikologis yang merusak dari ambisi politik pada mereka yang mencari kekuasaan. Dari semua drama yang ditulis Shakespeare pada masa pemerintahan James I, Macbeth paling jelas mencerminkan hubungannya dengan King James, pelindung perusahaan akting Shakespeare. Ini pertama kali diterbitkan di Folio tahun 1623, kemungkinan dari buku cepat, dan merupakan tragedi terpendek Shakespeare.

Seorang jenderal Skotlandia pemberani bernama Macbeth menerima ramalan dari trio penyihir bahwa suatu hari dia akan menjadi Raja Skotlandia. Dikonsumsi oleh ambisi dan didorong untuk bertindak oleh istrinya, Macbeth membunuh Raja Duncan dan mengambil tahta Skotlandia untuk dirinya sendiri. Dia kemudian didera rasa bersalah dan paranoia. Dipaksa melakukan lebih banyak pembunuhan untuk melindungi dirinya dari permusuhan dan kecurigaan, dia segera menjadi penguasa tirani. Pertumpahan darah dan perang saudara yang diakibatkannya dengan cepat membawa Macbeth dan Lady Macbeth ke alam kegilaan dan kematian.

Sinopsis Buku:
“Akankah semua lautan besar Neptunus membasuh darah ini Bersih dari tanganku? Tidak, tangan saya ini lebih suka lautan yang beraneka ragam menjadi inkarnasi, Membuat yang hijau menjadi merah.', '2024-06-23 11:48:39.712627', '2024-06-23 11:48:39.712627');

-- ----------------------------
-- Table structure for detail_transaction
-- ----------------------------
DROP TABLE IF EXISTS "public"."detail_transaction";
CREATE TABLE "public"."detail_transaction" (
  "id" int4 NOT NULL GENERATED BY DEFAULT AS IDENTITY (
INCREMENT 1
MINVALUE  1
MAXVALUE 2147483647
START 1
CACHE 1
),
  "transaction_id" int4,
  "created_at" timestamp(6) NOT NULL DEFAULT CURRENT_TIMESTAMP,
  "updated_at" timestamp(6) NOT NULL DEFAULT CURRENT_TIMESTAMP,
  "book_id" int4,
  "qty" int4
)
;

-- ----------------------------
-- Records of detail_transaction
-- ----------------------------
INSERT INTO "public"."detail_transaction" VALUES (7, 4, '2024-06-23 22:10:28.982736', '2024-06-23 22:10:28.982736', 1, 1);
INSERT INTO "public"."detail_transaction" VALUES (8, 4, '2024-06-23 22:10:28.982736', '2024-06-23 22:10:28.982736', 7, 1);

-- ----------------------------
-- Table structure for inventory
-- ----------------------------
DROP TABLE IF EXISTS "public"."inventory";
CREATE TABLE "public"."inventory" (
  "id" int4 NOT NULL GENERATED BY DEFAULT AS IDENTITY (
INCREMENT 1
MINVALUE  1
MAXVALUE 2147483647
START 1
CACHE 1
),
  "book_id" int4,
  "qty" int4 DEFAULT 0,
  "price" numeric(10,2) DEFAULT 0.00,
  "created_at" timestamp(6) NOT NULL DEFAULT CURRENT_TIMESTAMP,
  "updated_at" timestamp(6) NOT NULL DEFAULT CURRENT_TIMESTAMP
)
;

-- ----------------------------
-- Records of inventory
-- ----------------------------
INSERT INTO "public"."inventory" VALUES (1, 1, 2, 2500000.00, '2024-06-21 21:33:18.884017', '2024-06-21 21:33:18.884017');
INSERT INTO "public"."inventory" VALUES (13, 6, 5, 90000.00, '2024-06-23 15:41:27.892395', '2024-06-23 15:41:27.892395');
INSERT INTO "public"."inventory" VALUES (14, 5, 5, 80000.00, '2024-06-23 15:42:37.96902', '2024-06-23 15:42:37.96902');
INSERT INTO "public"."inventory" VALUES (15, 4, 10, 890000.00, '2024-06-23 16:00:29.997817', '2024-06-23 16:00:29.997817');
INSERT INTO "public"."inventory" VALUES (16, 7, 3, 90000.00, '2024-06-23 16:02:09.83662', '2024-06-23 16:02:09.83662');
INSERT INTO "public"."inventory" VALUES (17, 8, 4, 160000.00, '2024-06-23 23:35:43.989873', '2024-06-23 23:35:43.989873');

-- ----------------------------
-- Table structure for roles
-- ----------------------------
DROP TABLE IF EXISTS "public"."roles";
CREATE TABLE "public"."roles" (
  "id" int4 NOT NULL GENERATED BY DEFAULT AS IDENTITY (
INCREMENT 1
MINVALUE  1
MAXVALUE 2147483647
START 1
CACHE 1
),
  "name" varchar COLLATE "pg_catalog"."default",
  "created_at" timestamp(6) NOT NULL DEFAULT CURRENT_TIMESTAMP,
  "updated_at" timestamp(6) NOT NULL DEFAULT CURRENT_TIMESTAMP
)
;

-- ----------------------------
-- Records of roles
-- ----------------------------
INSERT INTO "public"."roles" VALUES (1, 'Admin', '2024-06-21 21:45:18', '2024-06-21 21:45:23');
INSERT INTO "public"."roles" VALUES (2, 'Member', '2024-06-21 22:22:58', '2024-06-21 22:23:02');

-- ----------------------------
-- Table structure for student
-- ----------------------------
DROP TABLE IF EXISTS "public"."student";
CREATE TABLE "public"."student" (
  "id" int4 NOT NULL GENERATED BY DEFAULT AS IDENTITY (
INCREMENT 1
MINVALUE  1
MAXVALUE 2147483647
START 1
CACHE 1
),
  "name" varchar(255) COLLATE "pg_catalog"."default" NOT NULL,
  "email" varchar(191) COLLATE "pg_catalog"."default" NOT NULL,
  "nim" varchar(50) COLLATE "pg_catalog"."default" NOT NULL,
  "major" varchar(255) COLLATE "pg_catalog"."default",
  "student_year" int4,
  "password" varchar(191) COLLATE "pg_catalog"."default" NOT NULL,
  "role_id" int4,
  "created_at" timestamp(6) NOT NULL DEFAULT CURRENT_TIMESTAMP,
  "updated_at" timestamp(6) NOT NULL DEFAULT CURRENT_TIMESTAMP
)
;

-- ----------------------------
-- Records of student
-- ----------------------------
INSERT INTO "public"."student" VALUES (1, 'amir', 'admin@gmail.com', 'A1234', 'TI', 2020, '$2a$10$KsFNgCeAO7ZhdDBA2/tRv.SUWBJ1TCqaCvfDlXg/gj6oLqM6KMaES', 1, '2024-06-21 21:47:59.027665', '2024-06-21 21:47:59.027665');
INSERT INTO "public"."student" VALUES (3, 'Bayu', 'bayu@gmail.com', 'A35234', 'Akuntansi', 2020, '$2a$10$CJmFSj5scTOB0e7v0nd.k.1/oIpNdSPct4yOwxbpPdehTInOMr4Ma', 2, '2024-06-23 17:43:16.67738', '2024-06-23 17:43:16.67738');

-- ----------------------------
-- Table structure for transaction
-- ----------------------------
DROP TABLE IF EXISTS "public"."transaction";
CREATE TABLE "public"."transaction" (
  "id" int4 NOT NULL GENERATED BY DEFAULT AS IDENTITY (
INCREMENT 1
MINVALUE  1
MAXVALUE 2147483647
START 1
CACHE 1
),
  "student_id" int4,
  "loan_date" date,
  "return_date" date,
  "created_at" timestamp(6) NOT NULL DEFAULT CURRENT_TIMESTAMP,
  "updated_at" timestamp(6) NOT NULL DEFAULT CURRENT_TIMESTAMP
)
;

-- ----------------------------
-- Records of transaction
-- ----------------------------
INSERT INTO "public"."transaction" VALUES (4, 3, '2024-06-23', '2024-07-07', '2024-06-23 22:10:28.972949', '2024-06-23 22:10:28.972949');

-- ----------------------------
-- Alter sequences owned by
-- ----------------------------
ALTER SEQUENCE "public"."books_id_seq"
OWNED BY "public"."books"."id";
SELECT setval('"public"."books_id_seq"', 8, true);

-- ----------------------------
-- Alter sequences owned by
-- ----------------------------
ALTER SEQUENCE "public"."detail_transaction_id_seq"
OWNED BY "public"."detail_transaction"."id";
SELECT setval('"public"."detail_transaction_id_seq"', 8, true);

-- ----------------------------
-- Alter sequences owned by
-- ----------------------------
ALTER SEQUENCE "public"."inventory_id_seq"
OWNED BY "public"."inventory"."id";
SELECT setval('"public"."inventory_id_seq"', 17, true);

-- ----------------------------
-- Alter sequences owned by
-- ----------------------------
ALTER SEQUENCE "public"."roles_id_seq"
OWNED BY "public"."roles"."id";
SELECT setval('"public"."roles_id_seq"', 2, true);

-- ----------------------------
-- Alter sequences owned by
-- ----------------------------
ALTER SEQUENCE "public"."student_id_seq"
OWNED BY "public"."student"."id";
SELECT setval('"public"."student_id_seq"', 3, true);

-- ----------------------------
-- Alter sequences owned by
-- ----------------------------
ALTER SEQUENCE "public"."transaction_id_seq"
OWNED BY "public"."transaction"."id";
SELECT setval('"public"."transaction_id_seq"', 4, true);

-- ----------------------------
-- Auto increment value for books
-- ----------------------------
SELECT setval('"public"."books_id_seq"', 8, true);

-- ----------------------------
-- Primary Key structure for table books
-- ----------------------------
ALTER TABLE "public"."books" ADD CONSTRAINT "books_pkey" PRIMARY KEY ("id");

-- ----------------------------
-- Auto increment value for detail_transaction
-- ----------------------------
SELECT setval('"public"."detail_transaction_id_seq"', 8, true);

-- ----------------------------
-- Primary Key structure for table detail_transaction
-- ----------------------------
ALTER TABLE "public"."detail_transaction" ADD CONSTRAINT "detail_transaction_pkey" PRIMARY KEY ("id");

-- ----------------------------
-- Auto increment value for inventory
-- ----------------------------
SELECT setval('"public"."inventory_id_seq"', 17, true);

-- ----------------------------
-- Primary Key structure for table inventory
-- ----------------------------
ALTER TABLE "public"."inventory" ADD CONSTRAINT "inventory_pkey" PRIMARY KEY ("id");

-- ----------------------------
-- Auto increment value for roles
-- ----------------------------
SELECT setval('"public"."roles_id_seq"', 2, true);

-- ----------------------------
-- Primary Key structure for table roles
-- ----------------------------
ALTER TABLE "public"."roles" ADD CONSTRAINT "roles_pkey" PRIMARY KEY ("id");

-- ----------------------------
-- Auto increment value for student
-- ----------------------------
SELECT setval('"public"."student_id_seq"', 3, true);

-- ----------------------------
-- Uniques structure for table student
-- ----------------------------
ALTER TABLE "public"."student" ADD CONSTRAINT "student_email_key" UNIQUE ("email");
ALTER TABLE "public"."student" ADD CONSTRAINT "student_nim_key" UNIQUE ("nim");

-- ----------------------------
-- Primary Key structure for table student
-- ----------------------------
ALTER TABLE "public"."student" ADD CONSTRAINT "student_pkey" PRIMARY KEY ("id");

-- ----------------------------
-- Auto increment value for transaction
-- ----------------------------
SELECT setval('"public"."transaction_id_seq"', 4, true);

-- ----------------------------
-- Primary Key structure for table transaction
-- ----------------------------
ALTER TABLE "public"."transaction" ADD CONSTRAINT "transaction_pkey" PRIMARY KEY ("id");

-- ----------------------------
-- Foreign Keys structure for table detail_transaction
-- ----------------------------
ALTER TABLE "public"."detail_transaction" ADD CONSTRAINT "detail_transaction_transaction_id_fkey" FOREIGN KEY ("transaction_id") REFERENCES "public"."transaction" ("id") ON DELETE CASCADE ON UPDATE CASCADE;

-- ----------------------------
-- Foreign Keys structure for table student
-- ----------------------------
ALTER TABLE "public"."student" ADD CONSTRAINT "student_role_id_fkey" FOREIGN KEY ("role_id") REFERENCES "public"."roles" ("id") ON DELETE NO ACTION ON UPDATE NO ACTION;
